absTimeISO,relTimeMs,relTimeSec,relTimeMin,timeMs,flow,setpt,temp,bubble,volt,on,errorPct,pidOut,P,I,D,pGain,iGain,dGain,filteredErr,currentAlpha,totalVolume,userStable
2025-05-08T11:12:36.414700,225.69918632507324,0.22569918632507324,0.0037616531054178873,5870,0.001,0.5,25.74,False,0.0,False,8.0,0.0,0.0,0.0,0.0,0.0,0.0,0.0,0.0,0.0,0.0003254670066666639,False
2025-05-08T11:12:36.701916,512.9153728485107,0.5129153728485107,0.008548589547475179,6157,0.0,0.5,25.68,False,0.0,False,8.0,0.0,0.0,0.0,0.0,0.0,0.0,0.0,0.0,0.0,0.0003254670066666639,False
2025-05-08T11:12:36.988456,799.4556427001953,0.7994556427001953,0.013324260711669922,6445,0.001,0.5,25.79,False,0.0,False,8.0,0.0,0.0,0.0,0.0,0.0,0.0,0.0,0.0,0.0,0.0003302426949999964,False
2025-05-08T11:12:37.275927,1086.9266986846924,1.0869266986846924,0.018115444978078207,6732,0.001,0.5,25.74,False,0.0,False,8.0,0.0,0.0,0.0,0.0,0.0,0.0,0.0,0.0,0.0,0.000335033869999999,False
2025-05-08T11:12:37.563591,1374.5908737182617,1.3745908737182617,0.022909847895304362,7020,0.0,0.5,25.83,False,0.0,False,8.0,0.0,0.0,0.0,0.0,0.0,0.0,0.0,0.0,0.0,0.000335033869999999,False
2025-05-08T11:12:37.850853,1661.8528366088867,1.6618528366088867,0.02769754727681478,7307,0.0,0.5,25.79,False,0.0,False,8.0,0.0,0.0,0.0,0.0,0.0,0.0,0.0,0.0,0.0,0.000335033869999999,False
2025-05-08T11:12:38.139346,1950.3452777862549,1.9503452777862549,0.032505754629770914,7594,0.0,0.5,25.82,False,0.0,False,8.0,0.0,0.0,0.0,0.0,0.0,0.0,0.0,0.0,0.0,0.000335033869999999,False
2025-05-08T11:12:38.427214,2238.2137775421143,2.2382137775421143,0.03730356295903524,7882,0.0,0.5,25.75,False,0.0,False,8.0,0.0,0.0,0.0,0.0,0.0,0.0,0.0,0.0,0.0,0.000335033869999999,False
2025-05-08T11:12:38.712887,2523.88596534729,2.52388596534729,0.0420647660891215,8169,0.001,0.5,25.93,False,0.0,False,8.0,0.0,0.0,0.0,0.0,0.0,0.0,0.0,0.0,0.0,0.00033979507166666283,False
2025-05-08T11:12:39.001341,2812.340259552002,2.812340259552002,0.046872337659200035,8457,0.001,0.5,25.96,False,0.0,False,8.0,0.0,0.0,0.0,0.0,0.0,0.0,0.0,0.0,0.0,0.0003446026399999975,False
2025-05-08T11:12:39.288117,3099.116325378418,3.099116325378418,0.05165193875630696,8744,0.0,0.5,26.0,False,0.0,False,8.0,0.0,0.0,0.0,0.0,0.0,0.0,0.0,0.0,0.0,0.0003446026399999975,False
2025-05-08T11:12:39.579065,3390.064239501953,3.390064239501953,0.05650107065836588,9032,0.0,0.5,25.92,False,0.0,False,8.0,0.0,0.0,0.0,0.0,0.0,0.0,0.0,0.0,0.0,0.0003446026399999975,False
2025-05-08T11:12:39.863826,3674.825429916382,3.674825429916382,0.06124709049860636,9319,0.0,0.5,26.0,False,0.0,False,8.0,0.0,0.0,0.0,0.0,0.0,0.0,0.0,0.0,0.0,0.0003446026399999975,False
2025-05-08T11:12:40.151544,3962.543725967407,3.9625437259674072,0.06604239543279013,9606,0.0,0.5,25.98,False,0.0,False,8.0,0.0,0.0,0.0,0.0,0.0,0.0,0.0,0.0,0.0,0.0003446026399999975,False
2025-05-08T11:12:40.438030,4249.029874801636,4.249029874801636,0.07081716458002726,9893,0.0,0.5,25.99,False,0.0,False,8.0,0.0,0.0,0.0,0.0,0.0,0.0,0.0,0.0,0.0,0.0003446026399999975,False
2025-05-08T11:12:40.726013,4537.012577056885,4.537012577056885,0.07561687628428142,10181,0.001,0.5,26.08,False,0.0,False,8.0,0.0,0.0,0.0,0.0,0.0,0.0,0.0,0.0,0.0,0.000349402354999999,False
2025-05-08T11:12:41.012122,4823.121070861816,4.823121070861816,0.08038535118103027,10468,0.001,0.5,26.03,False,2.25,True,8.0,0.015,0.0,0.015,0.0,0.0,0.212,0.0,0.245,0.49,3.0000001061125656e-11,False
2025-05-08T11:12:41.172378,4983.37721824646,4.98337721824646,0.08305628697077433,10628,-0.0,0.5,26.11,False,5.54,True,8.0,0.037,0.0,0.037,0.0,0.0,0.217,0.0,0.351,0.49,3.0000001061125656e-11,False
2025-05-08T11:12:41.331255,5142.254114151001,5.142254114151001,0.08570423523585001,10787,0.0,0.5,25.98,False,7.75,True,8.0,0.052,0.0,0.052,0.0,0.0,0.219,0.0,0.421,0.49,3.0000001061125656e-11,False
2025-05-08T11:12:41.490381,5301.380634307861,5.301380634307861,0.08835634390513102,10946,0.001,0.5,26.15,False,10.16,True,8.0,0.068,0.0,0.068,0.0,0.0,0.22,0.0,0.459,0.49,2.6521349999976947e-06,False
2025-05-08T11:12:41.649657,5460.655927658081,5.460655927658081,0.09101093212763468,11106,0.001,0.5,26.11,False,12.68,True,8.0,0.085,0.0,0.085,0.0,0.0,0.221,0.0,0.479,0.49,5.306719999998677e-06,False
2025-05-08T11:12:41.809297,5620.296239852905,5.620296239852905,0.09367160399754842,11265,0.002,0.5,26.15,False,15.27,True,8.0,0.102,0.0,0.102,0.0,0.0,0.221,0.0,0.488,0.49,1.062808333333578e-05,False
2025-05-08T11:12:41.968895,5779.8943519592285,5.7798943519592285,0.09633157253265381,11424,0.005,0.5,26.1,False,17.86,True,8.0,0.119,0.0,0.119,0.0,0.0,0.221,0.0,0.492,0.49,2.3927916666665774e-05,False
2025-05-08T11:12:42.128045,5939.044713973999,5.939044713973999,0.09898407856623331,11584,0.006,0.5,26.17,False,20.46,True,8.0,0.136,0.0,0.136,0.0,0.0,0.221,0.0,0.493,0.49,3.9842936666654316e-05,False
2025-05-08T11:12:42.288112,6099.111318588257,6.099111318588257,0.10165185530980428,11743,0.021,0.5,25.96,False,23.04,True,8.0,0.154,0.0,0.154,0.0,0.0,0.221,0.0,0.487,0.49,9.586614166670794e-05,False
2025-05-08T11:12:42.446657,6257.656574249268,6.257656574249268,0.1042942762374878,11903,0.025,0.5,26.22,False,25.58,True,8.0,0.171,0.0,0.171,0.0,0.0,0.221,0.0,0.482,0.49,0.00016192684999999,False
2025-05-08T11:12:42.606456,6417.455196380615,6.417455196380615,0.1069575866063436,12062,0.046,0.5,26.2,False,28.05,True,8.0,0.187,0.0,0.187,0.0,0.0,0.22,0.0,0.47,0.489,0.00028443711666676567,False
2025-05-08T11:12:42.764885,6575.884103775024,6.575884103775024,0.1095980683962504,12221,0.055,0.5,26.11,False,30.47,True,8.0,0.203,0.0,0.203,0.0,0.0,0.22,0.0,0.459,0.489,0.00042966608333330216,False
2025-05-08T11:12:42.924929,6735.928773880005,6.735928773880005,0.11226547956466675,12381,0.085,0.5,26.16,False,32.78,True,8.0,0.219,0.0,0.219,0.0,0.0,0.22,0.0,0.44,0.488,0.0006563957916668339,False
2025-05-08T11:12:43.083920,6894.918918609619,6.894918918609619,0.11491531531016032,12540,0.089,0.5,26.05,False,35.02,True,8.0,0.233,0.0,0.233,0.0,0.0,0.219,0.0,0.426,0.488,0.0008922314033333729,False
2025-05-08T11:12:43.243870,7054.868936538696,7.054868936538696,0.1175811489423116,12700,0.121,0.5,26.02,False,37.14,True,8.0,0.248,0.0,0.248,0.0,0.0,0.219,0.0,0.406,0.487,0.0012147970349998408,False
2025-05-08T11:12:43.404078,7215.076923370361,7.215076923370361,0.12025128205617269,12859,0.123,0.5,25.74,False,39.2,True,8.0,0.261,0.0,0.261,0.0,0.0,0.219,0.0,0.392,0.487,0.0015432232300001678,False
2025-05-08T11:12:43.562732,7373.730897903442,7.373730897903442,0.12289551496505738,13018,0.148,0.5,25.79,False,41.14,True,8.0,0.274,0.0,0.274,0.0,0.0,0.218,0.0,0.374,0.486,0.0019345695166668104,False
2025-05-08T11:12:43.722250,7533.249139785767,7.533249139785767,0.12555415232976277,13178,0.151,0.5,25.69,False,43.02,True,8.0,0.287,0.0,0.287,0.0,0.0,0.218,0.0,0.362,0.486,0.002336023401666845,False
2025-05-08T11:12:43.882018,7693.01700592041,7.69301700592041,0.1282169500986735,13338,0.172,0.5,25.58,False,44.84,True,8.0,0.299,0.0,0.299,0.0,0.0,0.217,0.0,0.347,0.485,0.0027940250016668033,False
2025-05-08T11:12:44.041232,7852.231025695801,7.852231025695801,0.13087051709493,13497,0.19,0.5,25.42,False,46.55,True,8.0,0.31,0.0,0.31,0.0,0.0,0.217,0.0,0.331,0.484,0.0032982020349996977,False
2025-05-08T11:12:44.200784,8011.783838272095,8.011783838272095,0.13352973063786824,13656,0.206,0.5,25.38,False,48.17,True,8.0,0.321,0.0,0.321,0.0,0.0,0.216,0.0,0.314,0.483,0.0038460006683336736,False
2025-05-08T11:12:44.359703,8170.70198059082,8.17070198059082,0.13617836634318034,13815,0.22,0.5,25.25,False,49.71,True,8.0,0.331,0.0,0.331,0.0,0.0,0.215,0.0,0.299,0.482,0.004428699635000362,False
2025-05-08T11:12:44.519270,8330.26909828186,8.33026909828186,0.13883781830469769,13975,0.217,0.5,25.25,False,51.2,True,8.0,0.341,0.0,0.341,0.0,0.0,0.215,0.0,0.291,0.483,0.005005801370000127,False
2025-05-08T11:12:44.678184,8489.1836643219,8.4891836643219,0.14148639440536498,14135,0.227,0.5,25.17,False,52.66,True,8.0,0.351,0.0,0.351,0.0,0.0,0.214,0.0,0.283,0.482,0.005607027516666634,False
2025-05-08T11:12:44.837989,8648.988485336304,8.648988485336304,0.1441498080889384,14294,0.217,0.5,25.26,False,54.1,True,8.0,0.361,0.0,0.361,0.0,0.0,0.214,0.0,0.283,0.483,0.006184991103333398,False
2025-05-08T11:12:44.998044,8809.043645858765,8.809043645858765,0.14681739409764608,14453,0.242,0.5,25.11,False,55.5,True,8.0,0.37,0.0,0.37,0.0,0.0,0.214,0.0,0.272,0.481,0.00683054586666664,False
2025-05-08T11:12:45.157007,8968.005895614624,8.968005895614624,0.1494667649269104,14613,0.241,0.5,25.14,False,56.85,True,8.0,0.379,0.0,0.379,0.0,0.0,0.213,0.0,0.266,0.481,0.007469045241666302,False
2025-05-08T11:12:45.316429,9127.42805480957,9.12742805480957,0.15212380091349284,14772,0.284,0.5,25.03,False,58.09,True,8.0,0.387,0.0,0.387,0.0,0.0,0.212,0.0,0.245,0.477,0.008223638921666289,False
2025-05-08T11:12:45.475457,9286.45634651184,9.28645634651184,0.154774272441864,14931,0.286,0.5,25.02,False,59.25,True,8.0,0.395,0.0,0.395,0.0,0.0,0.211,0.0,0.231,0.477,0.008981677631666279,False
2025-05-08T11:12:45.635212,9446.211576461792,9.446211576461792,0.15743685960769654,15090,0.307,0.5,24.87,False,60.33,True,8.0,0.402,0.0,0.402,0.0,0.0,0.21,0.0,0.215,0.475,0.009799088156667251,False
2025-05-08T11:12:45.793953,9604.952335357666,9.604952335357666,0.16008253892262778,15249,0.319,0.5,24.86,False,61.33,True,8.0,0.409,0.0,0.409,0.0,0.0,0.208,0.0,0.2,0.473,0.010643062735000448,False
2025-05-08T11:12:45.953024,9764.023065567017,9.764023065567017,0.16273371775945028,15409,0.334,0.5,24.93,False,62.24,True,8.0,0.415,0.0,0.415,0.0,0.0,0.207,0.0,0.185,0.471,0.011528557968334003,False
2025-05-08T11:12:46.111915,9922.914028167725,9.922914028167725,0.16538190046946208,15568,0.336,0.5,24.86,False,63.1,True,8.0,0.421,0.0,0.421,0.0,0.0,0.205,0.0,0.176,0.47,0.012418347008333781,False
2025-05-08T11:12:46.275081,10086.080551147461,10.086080551147461,0.16810134251912434,15727,0.351,0.5,24.7,False,63.9,True,8.0,0.426,0.0,0.426,0.0,0.0,0.204,0.0,0.164,0.468,0.013372869278333652,False
2025-05-08T11:12:46.431315,10242.314577102661,10.242314577102661,0.17070524295171102,15886,0.353,0.5,24.76,False,64.66,True,8.0,0.431,0.0,0.431,0.0,0.0,0.203,0.0,0.157,0.467,0.014292046566666352,False
2025-05-08T11:12:46.589691,10400.690793991089,10.400690793991089,0.17334484656651813,16046,0.358,0.5,24.72,False,65.38,True,8.0,0.436,0.0,0.436,0.0,0.0,0.201,0.0,0.15,0.466,0.015237025156666948,False
2025-05-08T11:12:46.748909,10559.908866882324,10.559908866882324,0.1759984811147054,16205,0.351,0.5,24.81,False,66.09,True,8.0,0.441,0.0,0.441,0.0,0.0,0.201,0.0,0.149,0.467,0.016168451626666604,False
2025-05-08T11:12:46.908178,10719.17700767517,10.719177007675171,0.1786529501279195,16364,0.373,0.5,24.68,False,66.77,True,8.0,0.445,0.0,0.445,0.0,0.0,0.2,0.0,0.14,0.462,0.01715856769333396,False
2025-05-08T11:12:47.068244,10879.243850708008,10.879243850708008,0.18132073084513348,16524,0.38,0.5,24.72,False,67.39,True,8.0,0.449,0.0,0.449,0.0,0.0,0.198,0.0,0.132,0.46,0.01817232029333299,False
2025-05-08T11:12:47.226621,11037.620782852173,11.037620782852173,0.18396034638086955,16683,0.391,0.5,24.61,False,67.96,True,8.0,0.453,0.0,0.453,0.0,0.0,0.195,0.0,0.122,0.456,0.01920441431999962,False
2025-05-08T11:12:47.386664,11197.663307189941,11.197663307189941,0.18662772178649903,16843,0.405,0.5,24.73,False,68.47,True,8.0,0.456,0.0,0.456,0.0,0.0,0.192,0.0,0.111,0.45,0.020284699170000527,False
2025-05-08T11:12:47.547633,11358.632564544678,11.358632564544678,0.1893105427424113,17002,0.398,0.5,24.7,False,68.96,True,8.0,0.46,0.0,0.46,0.0,0.0,0.191,0.0,0.107,0.453,0.021352462856666435,False
2025-05-08T11:12:47.705652,11516.651630401611,11.516651630401611,0.19194419384002687,17161,0.405,0.5,24.67,False,69.42,True,8.0,0.463,0.0,0.463,0.0,0.0,0.189,0.0,0.102,0.45,0.022419093131666287,False
2025-05-08T11:12:47.865653,11676.652431488037,11.676652431488037,0.19461087385813394,17321,0.411,0.5,24.68,False,69.85,True,8.0,0.466,0.0,0.466,0.0,0.0,0.187,0.0,0.097,0.447,0.02351509518666692,False
2025-05-08T11:12:48.023708,11834.707736968994,11.834707736968994,0.19724512894948323,17480,0.428,0.5,24.68,False,70.23,True,8.0,0.468,0.0,0.468,0.0,0.0,0.183,0.0,0.087,0.435,0.02464255989333399,False
2025-05-08T11:12:48.182531,11993.530750274658,11.993530750274658,0.1998921791712443,17639,0.423,0.5,24.59,False,70.59,True,8.0,0.471,0.0,0.471,0.0,0.0,0.181,0.0,0.082,0.439,0.02576226204333388,False
2025-05-08T11:12:48.342427,12153.426170349121,12.153426170349121,0.20255710283915201,17799,0.433,0.5,24.65,False,70.91,True,8.0,0.473,0.0,0.473,0.0,0.0,0.177,0.0,0.077,0.431,0.026916173846666263,False
2025-05-08T11:12:48.501184,12312.183141708374,12.312183141708374,0.20520305236180622,17958,0.449,0.5,24.58,False,71.19,True,8.0,0.475,0.0,0.475,0.0,0.0,0.171,0.0,0.067,0.41,0.02810419267500084,False
2025-05-08T11:12:48.661314,12472.313165664673,12.472313165664673,0.2078718860944112,18117,0.472,0.5,24.62,False,71.4,True,8.0,0.476,0.0,0.476,0.0,0.0,0.16,0.0,0.054,0.349,0.02936389302166715,False
2025-05-08T11:12:48.820510,12631.50930404663,12.63150930404663,0.21052515506744385,18277,0.458,0.5,24.62,False,71.58,True,8.0,0.477,0.0,0.477,0.0,0.0,0.154,0.0,0.049,0.395,0.030579093734999407,False
2025-05-08T11:12:48.979628,12790.627002716064,12.790627002716064,0.2131771167119344,18436,0.453,0.5,24.58,False,71.75,True,8.0,0.478,0.0,0.478,0.0,0.0,0.152,0.0,0.048,0.403,0.03178042708500055,False
2025-05-08T11:12:49.138816,12949.815511703491,12.949815511703491,0.21583025852839152,18595,0.478,0.5,24.53,False,71.89,True,8.0,0.479,0.0,0.479,0.0,0.0,0.141,0.0,0.041,0.315,0.03304863119166752,False
2025-05-08T11:12:49.298950,13109.949827194214,13.109949827194214,0.21849916378657022,18755,0.475,0.5,24.51,False,72.0,True,8.0,0.48,0.0,0.48,0.0,0.0,0.132,0.0,0.036,0.337,0.03431636106666737,False
2025-05-08T11:12:49.458476,13269.475221633911,13.269475221633911,0.2211579203605652,18914,0.465,0.5,24.6,False,72.11,True,8.0,0.481,0.0,0.481,0.0,0.0,0.13,0.0,0.035,0.376,0.03555268291666654,False
2025-05-08T11:12:49.617399,13428.398132324219,13.428398132324219,0.22380663553873698,19074,0.472,0.5,24.58,False,72.21,True,8.0,0.481,0.0,0.481,0.0,0.0,0.126,0.0,0.033,0.35,0.03680287875666747,False
2025-05-08T11:12:49.776843,13587.841987609863,13.587841987609863,0.22646403312683105,19233,0.466,0.5,24.61,False,72.31,True,8.0,0.482,0.0,0.482,0.0,0.0,0.126,0.0,0.033,0.374,0.038041225603333846,False
2025-05-08T11:12:49.937022,13748.021841049194,13.748021841049194,0.2291336973508199,19392,0.469,0.5,24.61,False,72.4,True,8.0,0.483,0.0,0.483,0.0,0.0,0.125,0.0,0.032,0.362,0.03929329301666642,False
2025-05-08T11:12:50.095982,13906.981229782104,13.906981229782104,0.2317830204963684,19551,0.475,0.5,24.52,False,72.49,True,8.0,0.483,0.0,0.483,0.0,0.0,0.119,0.0,0.03,0.333,0.04055172634999959,False
2025-05-08T11:12:50.254985,14065.984725952148,14.065984725952148,0.23443307876586914,19711,0.466,0.5,24.52,False,72.58,True,8.0,0.484,0.0,0.484,0.0,0.0,0.121,0.0,0.031,0.371,0.04178664576666658,False
2025-05-08T11:12:50.413979,14224.978685379028,14.224978685379028,0.23708297808965048,19870,0.475,0.5,24.53,False,72.66,True,8.0,0.484,0.0,0.484,0.0,0.0,0.117,0.0,0.029,0.336,0.043045356183333286,False
2025-05-08T11:12:50.573912,14384.911298751831,14.384911298751831,0.23974852164586385,20029,0.464,0.5,24.5,False,72.75,True,8.0,0.485,0.0,0.485,0.0,0.0,0.122,0.0,0.031,0.377,0.0442821644233341,False
2025-05-08T11:12:50.731945,14542.94466972351,14.54294466972351,0.24238241116205853,20188,0.473,0.5,24.57,False,72.84,True,8.0,0.486,0.0,0.486,0.0,0.0,0.119,0.0,0.03,0.346,0.045527998335000486,False
2025-05-08T11:12:50.891648,14702.647686004639,14.702647686004639,0.2450441281000773,20348,0.465,0.5,24.57,False,72.93,True,8.0,0.486,0.0,0.486,0.0,0.0,0.123,0.0,0.032,0.377,0.046765695034999534,False
2025-05-08T11:12:51.050872,14861.871004104614,14.861871004104614,0.24769785006841025,20507,0.464,0.5,24.55,False,73.03,True,8.0,0.487,0.0,0.487,0.0,0.0,0.127,0.0,0.033,0.38,0.04799701956833372,False
2025-05-08T11:12:51.211971,15022.97043800354,15.02297043800354,0.25038284063339233,20666,0.467,0.5,24.57,False,73.13,True,8.0,0.488,0.0,0.488,0.0,0.0,0.127,0.0,0.033,0.368,0.04925091612500011,False
2025-05-08T11:12:51.369467,15180.466890335083,15.180466890335083,0.25300778150558473,20826,0.477,0.5,24.55,False,73.22,True,8.0,0.488,0.0,0.488,0.0,0.0,0.12,0.0,0.031,0.327,0.05050300932500041,False
2025-05-08T11:12:51.528093,15339.092493057251,15.339092493057251,0.2556515415509542,20985,0.473,0.5,24.56,False,73.3,True,8.0,0.489,0.0,0.489,0.0,0.0,0.116,0.0,0.029,0.343,0.05175350544000072,False
2025-05-08T11:12:51.688971,15499.97067451477,15.49997067451477,0.2583328445752462,21144,0.479,0.5,24.52,False,73.37,True,8.0,0.489,0.0,0.489,0.0,0.0,0.11,0.0,0.027,0.313,0.0530378505350001,False
2025-05-08T11:12:51.847515,15658.514499664307,15.658514499664307,0.2609752416610718,21303,0.474,0.5,24.53,False,73.44,True,8.0,0.49,0.0,0.49,0.0,0.0,0.109,0.0,0.027,0.342,0.05429034892499988,False
2025-05-08T11:12:52.007601,15818.600177764893,15.818600177764893,0.26364333629608155,21463,0.477,0.5,24.47,False,73.51,True,8.0,0.49,0.0,0.49,0.0,0.0,0.106,0.0,0.026,0.325,0.0555630294449999,False
2025-05-08T11:12:52.166790,15977.789878845215,15.977789878845215,0.26629649798075355,21623,0.467,0.5,24.52,False,73.58,True,8.0,0.491,0.0,0.491,0.0,0.0,0.113,0.0,0.028,0.371,0.05680205516499982,False
2025-05-08T11:12:52.325880,16136.878967285156,16.136878967285156,0.26894798278808596,21782,0.469,0.5,24.49,False,73.66,True,8.0,0.491,0.0,0.491,0.0,0.0,0.116,0.0,0.029,0.362,0.058045603975000484,False
2025-05-08T11:12:52.485079,16296.078205108643,16.296078205108643,0.2716013034184774,21941,0.477,0.5,24.52,False,73.74,True,8.0,0.492,0.0,0.492,0.0,0.0,0.112,0.0,0.028,0.325,0.05931123522999941,False
2025-05-08T11:12:52.644189,16455.188751220703,16.455188751220703,0.2742531458536784,22101,0.475,0.5,24.49,False,73.81,True,8.0,0.492,0.0,0.492,0.0,0.0,0.109,0.0,0.027,0.335,0.060570863188333435,False
2025-05-08T11:12:52.803449,16614.44854736328,16.61444854736328,0.276907475789388,22260,0.476,0.5,24.55,False,73.87,True,8.0,0.492,0.0,0.492,0.0,0.0,0.107,0.0,0.026,0.332,0.06183432347499925,False
2025-05-08T11:12:52.962596,16773.595571517944,16.773595571517944,0.27955992619196574,22419,0.467,0.5,24.47,False,73.95,True,8.0,0.493,0.0,0.493,0.0,0.0,0.114,0.0,0.028,0.37,0.06307301606833371,False
2025-05-08T11:12:53.122382,16933.3815574646,16.9333815574646,0.28222302595774335,22579,0.469,0.5,24.46,False,74.03,True,8.0,0.494,0.0,0.494,0.0,0.0,0.117,0.0,0.029,0.362,0.06432200996833325,False
2025-05-08T11:12:53.283755,17094.753980636597,17.094753980636597,0.2849125663439433,22738,0.465,0.5,24.53,False,74.12,True,8.0,0.494,0.0,0.494,0.0,0.0,0.121,0.0,0.031,0.375,0.0655726383183333,False
2025-05-08T11:12:53.441251,17252.24995613098,17.25224995613098,0.2875374992688497,22898,0.49,0.5,24.51,False,74.2,True,8.0,0.495,0.0,0.495,0.0,0.0,0.113,0.0,0.028,0.18,0.06685886545166729,False
2025-05-08T11:12:53.600482,17411.481142044067,17.411481142044067,0.2901913523674011,23057,0.47,0.5,24.48,False,74.27,True,8.0,0.495,0.0,0.495,0.0,0.0,0.114,0.0,0.028,0.357,0.06810617103500001,False
2025-05-08T11:12:53.759879,17570.878267288208,17.570878267288208,0.29284797112147015,23216,0.484,0.5,24.5,False,74.34,True,8.0,0.496,0.0,0.496,0.0,0.0,0.105,0.0,0.025,0.263,0.06939198156833343,False
2025-05-08T11:12:53.919386,17730.385065078735,17.730385065078735,0.29550641775131226,23376,0.48,0.5,24.46,False,74.4,True,8.0,0.496,0.0,0.496,0.0,0.0,0.1,0.0,0.024,0.303,0.07066803436833331,False
2025-05-08T11:12:54.078411,17889.410734176636,17.889410734176636,0.2981568455696106,23535,0.483,0.5,24.5,False,74.44,True,8.0,0.496,0.0,0.496,0.0,0.0,0.093,0.0,0.022,0.276,0.07194819044833291,False
2025-05-08T11:12:54.237342,18048.341035842896,18.048341035842896,0.30080568393071494,23694,0.486,0.5,24.48,False,74.49,True,8.0,0.497,0.0,0.497,0.0,0.0,0.086,0.0,0.02,0.246,0.07323552668833408,False
2025-05-08T11:12:54.397261,18208.260536193848,18.208260536193848,0.30347100893656415,23853,0.482,0.5,24.43,False,74.52,True,8.0,0.497,0.0,0.497,0.0,0.0,0.083,0.0,0.019,0.287,0.07452021333833317,False
2025-05-08T11:12:54.556775,18367.774724960327,18.367774724960327,0.30612957874933877,24013,0.481,0.5,24.31,False,74.56,True,8.0,0.497,0.0,0.497,0.0,0.0,0.082,0.0,0.019,0.292,0.07579898711166679,False
2025-05-08T11:12:54.716177,18527.17614173889,18.52717614173889,0.30878626902898154,24172,0.473,0.5,24.51,False,74.61,True,8.0,0.497,0.0,0.497,0.0,0.0,0.091,0.0,0.021,0.344,0.07705560069333266,False
2025-05-08T11:12:54.875499,18686.497926712036,18.686497926712036,0.31144163211186726,24331,0.459,0.5,24.41,False,74.68,True,8.0,0.498,0.0,0.498,0.0,0.0,0.113,0.0,0.028,0.392,0.07827441322833359,False
2025-05-08T11:12:55.035856,18846.85516357422,18.84685516357422,0.314114252726237,24490,0.472,0.5,24.52,False,74.76,True,8.0,0.498,0.0,0.498,0.0,0.0,0.115,0.0,0.029,0.351,0.07953589222833295,False
2025-05-08T11:12:55.193743,19004.742860794067,19.004742860794067,0.3167457143465678,24650,0.472,0.5,24.44,False,74.84,True,8.0,0.499,0.0,0.499,0.0,0.0,0.115,0.0,0.029,0.35,0.0807779405616664,False
2025-05-08T11:12:55.352874,19163.873434066772,19.163873434066772,0.31939789056777956,24809,0.492,0.5,24.39,False,74.91,True,8.0,0.499,0.0,0.499,0.0,0.0,0.108,0.0,0.026,0.134,0.08208280656166644,False
2025-05-08T11:12:55.512789,19323.788166046143,19.323788166046143,0.32206313610076903,24968,0.469,0.5,24.36,False,74.98,True,8.0,0.5,0.0,0.5,0.0,0.0,0.111,0.0,0.027,0.361,0.08333280881166609,False
2025-05-08T11:12:55.671117,19482.115983963013,19.482115983963013,0.3247019330660502,25127,0.473,0.5,24.49,False,75.05,True,8.0,0.5,0.0,0.5,0.0,0.0,0.111,0.0,0.027,0.343,0.08458096121166596,False
2025-05-08T11:12:55.831282,19642.28129386902,19.64228129386902,0.327371354897817,25287,0.477,0.5,24.48,False,75.12,True,8.0,0.501,0.0,0.501,0.0,0.0,0.107,0.0,0.026,0.323,0.08585426898666647,False
2025-05-08T11:12:55.989404,19800.403594970703,19.800403594970703,0.3300067265828451,25446,0.475,0.5,24.46,False,75.19,True,8.0,0.501,0.0,0.501,0.0,0.0,0.106,0.0,0.026,0.336,0.08710607448666648,False
2025-05-08T11:12:56.149391,19960.39080619812,19.96039080619812,0.332673180103302,25605,0.473,0.5,24.48,False,75.25,True,8.0,0.502,0.0,0.502,0.0,0.0,0.107,0.0,0.026,0.346,0.0883673092783327,False
2025-05-08T11:12:56.308234,20119.23360824585,20.11923360824585,0.33532056013743083,25765,0.473,0.5,24.46,False,75.32,True,8.0,0.502,0.0,0.502,0.0,0.0,0.108,0.0,0.026,0.343,0.08961951450000039,False
2025-05-08T11:12:56.467391,20278.390884399414,20.278390884399414,0.3379731814066569,25924,0.473,0.5,24.44,False,75.39,True,8.0,0.503,0.0,0.503,0.0,0.0,0.109,0.0,0.027,0.346,0.09087420376000024,False
2025-05-08T11:12:56.627644,20438.643217086792,20.438643217086792,0.3406440536181132,26083,0.475,0.5,24.52,False,75.46,True,8.0,0.503,0.0,0.503,0.0,0.0,0.108,0.0,0.026,0.336,0.09214287571833375,False
2025-05-08T11:12:56.787086,20598.085641860962,20.598085641860962,0.3433014273643494,26243,0.477,0.5,24.42,False,75.52,True,8.0,0.503,0.0,0.503,0.0,0.0,0.105,0.0,0.025,0.326,0.09341044120833421,False
2025-05-08T11:12:56.945790,20756.789684295654,20.756789684295654,0.3459464947382609,26402,0.478,0.5,24.55,False,75.58,True,8.0,0.504,0.0,0.504,0.0,0.0,0.101,0.0,0.024,0.314,0.09467478068500033,False
2025-05-08T11:12:57.105433,20916.43261909485,20.91643261909485,0.3486072103182475,26561,0.477,0.5,24.38,False,75.64,True,8.0,0.504,0.0,0.504,0.0,0.0,0.1,0.0,0.024,0.323,0.09594394173999939,False
2025-05-08T11:12:57.264774,21075.773239135742,21.075773239135742,0.351262887318929,26720,0.477,0.5,24.51,False,75.69,True,8.0,0.505,0.0,0.505,0.0,0.0,0.099,0.0,0.024,0.325,0.09721070507499979,False
2025-05-08T11:12:57.423263,21234.262704849243,21.234262704849243,0.35390437841415406,26880,0.474,0.5,24.44,False,75.75,True,8.0,0.505,0.0,0.505,0.0,0.0,0.101,0.0,0.024,0.34,0.09846276501500023,False
2025-05-08T11:12:57.582731,21393.730401992798,21.393730401992798,0.3565621733665466,27039,0.475,0.5,24.5,False,75.81,True,8.0,0.505,0.0,0.505,0.0,0.0,0.102,0.0,0.024,0.335,0.0997252215983335,False
2025-05-08T11:12:57.741043,21552.042484283447,21.552042484283447,0.35920070807139076,27198,0.478,0.5,24.35,False,75.87,True,8.0,0.506,0.0,0.506,0.0,0.0,0.1,0.0,0.024,0.319,0.10098643893833423,False
2025-05-08T11:12:57.901459,21712.45813369751,21.71245813369751,0.3618743022282918,27358,0.48,0.5,24.46,False,75.92,True,8.0,0.506,0.0,0.506,0.0,0.0,0.096,0.0,0.023,0.302,0.10226976533833249,False
2025-05-08T11:12:58.060012,21871.01125717163,21.87101125717163,0.36451685428619385,27517,0.479,0.5,24.31,False,75.97,True,8.0,0.506,0.0,0.506,0.0,0.0,0.094,0.0,0.022,0.307,0.10353554678833417,False
2025-05-08T11:12:58.223362,22034.361600875854,22.034361600875854,0.36723936001459756,27676,0.479,0.5,24.56,False,76.02,True,8.0,0.507,0.0,0.507,0.0,0.0,0.092,0.0,0.022,0.307,0.10483962588500058,False
2025-05-08T11:12:58.378639,22189.63861465454,22.18963861465454,0.36982731024424237,27836,0.483,0.5,24.34,False,76.06,True,8.0,0.507,0.0,0.507,0.0,0.0,0.087,0.0,0.02,0.274,0.10608960734500059,False
2025-05-08T11:12:58.538267,22349.266529083252,22.349266529083252,0.37248777548472084,27995,0.481,0.5,24.46,False,76.1,True,8.0,0.507,0.0,0.507,0.0,0.0,0.085,0.0,0.02,0.296,0.10736929421666641,False
2025-05-08T11:12:58.697785,22508.78405570984,22.50878405570984,0.3751464009284973,28154,0.478,0.5,24.48,False,76.14,True,8.0,0.508,0.0,0.508,0.0,0.0,0.087,0.0,0.02,0.315,0.10864011537333357,False
2025-05-08T11:12:58.856371,22667.370080947876,22.667370080947876,0.37778950134913125,28313,0.478,0.5,24.44,False,76.19,True,8.0,0.508,0.0,0.508,0.0,0.0,0.089,0.0,0.021,0.318,0.10990351796999917,False
2025-05-08T11:12:59.016721,22827.720880508423,22.827720880508423,0.3804620146751404,28473,0.481,0.5,24.49,False,76.23,True,8.0,0.508,0.0,0.508,0.0,0.0,0.087,0.0,0.021,0.298,0.1111889944783329,False
2025-05-08T11:12:59.175374,22986.37366294861,22.98637366294861,0.38310622771581015,28632,0.478,0.5,24.39,False,76.27,True,8.0,0.508,0.0,0.508,0.0,0.0,0.089,0.0,0.021,0.316,0.11245293402833392,False
2025-05-08T11:12:59.335125,23146.124839782715,23.146124839782715,0.3857687473297119,28792,0.48,0.5,24.45,False,76.32,True,8.0,0.509,0.0,0.509,0.0,0.0,0.088,0.0,0.021,0.305,0.11373093562833363,False
2025-05-08T11:12:59.494899,23305.898189544678,23.305898189544678,0.3884316364924113,28951,0.482,0.5,24.39,False,76.36,True,8.0,0.509,0.0,0.509,0.0,0.0,0.085,0.0,0.02,0.282,0.1150144510183333,False
2025-05-08T11:12:59.654152,23465.1517868042,23.4651517868042,0.3910858631134033,29111,0.485,0.5,24.44,False,76.39,True,8.0,0.509,0.0,0.509,0.0,0.0,0.08,0.0,0.019,0.257,0.11630175499333328,False
2025-05-08T11:12:59.813543,23624.541997909546,23.624541997909546,0.39374236663182577,29270,0.493,0.5,24.4,False,76.42,True,8.0,0.509,0.0,0.509,0.0,0.0,0.074,0.0,0.017,0.113,0.11761141031500086,False
2025-05-08T11:12:59.972848,23783.847093582153,23.783847093582153,0.3963974515597026,29429,0.471,0.5,24.46,False,76.47,True,8.0,0.51,0.0,0.51,0.0,0.0,0.089,0.0,0.021,0.356,0.11886195221000002,False
2025-05-08T11:13:00.132063,23943.062782287598,23.943062782287598,0.39905104637145994,29588,0.476,0.5,24.44,False,76.52,True,8.0,0.51,0.0,0.51,0.0,0.0,0.094,0.0,0.022,0.328,0.12012506422333402,False
2025-05-08T11:13:00.291096,24102.095127105713,24.102095127105713,0.4017015854517619,29748,0.475,0.5,24.34,False,76.57,True,8.0,0.51,0.0,0.51,0.0,0.0,0.097,0.0,0.023,0.336,0.12138406755666754,False
2025-05-08T11:13:00.451481,24262.48073577881,24.26248073577881,0.4043746789296468,29907,0.479,0.5,24.47,False,76.62,True,8.0,0.511,0.0,0.511,0.0,0.0,0.096,0.0,0.023,0.31,0.12266447686833354,False
2025-05-08T11:13:00.609732,24420.731782913208,24.420731782913208,0.4070121963818868,30066,0.466,0.5,24.36,False,76.69,True,8.0,0.511,0.0,0.511,0.0,0.0,0.108,0.0,0.026,0.372,0.12389356429500087,False
2025-05-08T11:13:00.768714,24579.713821411133,24.579713821411133,0.4096618970235189,30225,0.48,0.5,24.31,False,76.75,True,8.0,0.512,0.0,0.512,0.0,0.0,0.103,0.0,0.025,0.3,0.1251654242949998,False
2025-05-08T11:13:00.927737,24738.735914230347,24.738735914230347,0.41231226523717246,30385,0.486,0.5,24.35,False,76.8,True,8.0,0.512,0.0,0.512,0.0,0.0,0.095,0.0,0.022,0.241,0.12645349844500067,False
2025-05-08T11:13:01.092053,24903.05256843567,24.90305256843567,0.4150508761405945,30544,0.473,0.5,24.48,False,76.86,True,8.0,0.512,0.0,0.512,0.0,0.0,0.099,0.0,0.024,0.347,0.12774886176333378,False
2025-05-08T11:13:01.245882,25056.880950927734,25.056880950927734,0.41761468251546224,30703,0.477,0.5,24.45,False,76.91,True,8.0,0.513,0.0,0.513,0.0,0.0,0.099,0.0,0.024,0.323,0.12897179992833258,False
2025-05-08T11:13:01.406358,25217.357873916626,25.217357873916626,0.4202892978986104,30863,0.476,0.5,24.41,False,76.97,True,8.0,0.513,0.0,0.513,0.0,0.0,0.099,0.0,0.024,0.33,0.13024491428833287,False
2025-05-08T11:13:01.565521,25376.52039527893,25.37652039527893,0.4229420065879822,31022,0.481,0.5,24.44,False,77.02,True,8.0,0.513,0.0,0.513,0.0,0.0,0.095,0.0,0.023,0.297,0.13152086619499964,False
2025-05-08T11:13:01.725221,25536.22031211853,25.53622031211853,0.4256036718686422,31182,0.478,0.5,24.42,False,77.07,True,8.0,0.514,0.0,0.514,0.0,0.0,0.095,0.0,0.022,0.319,0.13279314286166757,False
2025-05-08T11:13:01.884055,25695.05476951599,25.69505476951599,0.4282509128252665,31341,0.477,0.5,24.42,False,77.12,True,8.0,0.514,0.0,0.514,0.0,0.0,0.096,0.0,0.023,0.327,0.13405587475166758,False
2025-05-08T11:13:02.043176,25854.175567626953,25.854175567626953,0.4309029261271159,31500,0.509,0.5,24.4,False,77.16,True,8.0,0.514,0.0,0.514,0.0,0.0,0.076,0.0,0.018,0.174,0.13540575038666616,False
2025-05-08T11:13:02.203550,26014.549493789673,26.014549493789673,0.43357582489649454,31660,0.54,0.5,24.46,False,77.16,True,8.0,0.514,0.0,0.514,0.0,0.0,0.001,0.0,-0.002,0.389,0.1368491190866667,False
2025-05-08T11:13:02.362584,26173.58350753784,26.173583507537842,0.4362263917922974,31819,0.527,0.5,24.44,False,77.15,True,8.0,0.514,0.0,0.514,0.0,0.0,0.037,0.0,-0.011,0.343,0.13824596596333413,False
2025-05-08T11:13:02.521661,26332.660675048828,26.332660675048828,0.43887767791748045,31978,0.51,0.5,24.36,False,77.13,True,8.0,0.514,0.0,0.514,0.0,0.0,0.043,0.0,-0.012,0.184,0.1395981230133325,False
2025-05-08T11:13:02.680930,26491.929292678833,26.491929292678833,0.44153215487798053,32138,0.503,0.5,24.41,False,77.12,True,8.0,0.514,0.0,0.514,0.0,0.0,0.043,0.0,-0.012,0.026,0.14093332645333304,False
2025-05-08T11:13:02.840293,26651.292085647583,26.651292085647583,0.44418820142745974,32297,0.51,0.5,24.27,False,77.11,True,8.0,0.514,0.0,0.514,0.0,0.0,0.041,0.0,-0.012,0.188,0.142287906003334,False
2025-05-08T11:13:02.999416,26810.415029525757,26.810415029525757,0.44684025049209597,32456,0.503,0.5,24.42,False,77.1,True,8.0,0.514,0.0,0.514,0.0,0.0,0.04,0.0,-0.011,0.021,0.1436218921833334,False
2025-05-08T11:13:03.161230,26972.229719161987,26.972229719161987,0.4495371619860331,32615,0.499,0.5,24.42,False,77.09,True,8.0,0.514,0.0,0.514,0.0,0.0,0.04,0.0,-0.011,0.0,0.14496764112500096,False
2025-05-08T11:13:03.318141,27129.140615463257,27.129140615463257,0.4521523435910543,32775,0.504,0.5,24.47,False,77.08,True,8.0,0.514,0.0,0.514,0.0,0.0,0.039,0.0,-0.011,0.031,0.14628570276500097,False
2025-05-08T11:13:03.476959,27287.95886039734,27.28795886039734,0.45479931433995563,32934,0.511,0.5,24.42,False,77.07,True,8.0,0.514,0.0,0.514,0.0,0.0,0.038,0.0,-0.011,0.196,0.14763830528666672,False
2025-05-08T11:13:03.637162,27448.161363601685,27.448161363601685,0.4574693560600281,33093,0.511,0.5,24.33,False,77.06,True,8.0,0.514,0.0,0.514,0.0,0.0,0.038,0.0,-0.011,0.206,0.14900269317166762,False
2025-05-08T11:13:03.795639,27606.638193130493,27.606638193130493,0.4601106365521749,33253,0.504,0.5,24.53,False,77.05,True,8.0,0.514,0.0,0.514,0.0,0.0,0.037,0.0,-0.011,0.044,0.1503338991316665,False
2025-05-08T11:13:03.955949,27766.948699951172,27.766948699951172,0.4627824783325195,33412,0.505,0.5,24.35,False,77.04,True,8.0,0.514,0.0,0.514,0.0,0.0,0.034,0.0,-0.01,0.079,0.15168317917333252,False
2025-05-08T11:13:04.114681,27925.6808757782,27.9256808757782,0.4654280145963033,33572,0.503,0.5,24.32,False,77.03,True,8.0,0.514,0.0,0.514,0.0,0.0,0.033,0.0,-0.01,0.021,0.15301386986499957,False
2025-05-08T11:13:04.274791,28085.790395736694,28.085790395736694,0.4680965065956116,33731,0.502,0.5,24.42,False,77.02,True,8.0,0.513,0.0,0.513,0.0,0.0,0.033,0.0,-0.01,0.003,0.15435346690500018,False
2025-05-08T11:13:04.433492,28244.49110031128,28.24449110031128,0.47074151833852135,33891,0.508,0.5,24.46,False,77.02,True,8.0,0.513,0.0,0.513,0.0,0.0,0.031,0.0,-0.01,0.149,0.15569713452500006,False
2025-05-08T11:13:04.593308,28404.3071269989,28.4043071269989,0.47340511878331504,34050,0.507,0.5,24.38,False,77.01,True,8.0,0.513,0.0,0.513,0.0,0.0,0.029,0.0,-0.01,0.121,0.1570475780349995,False
2025-05-08T11:13:04.752858,28563.857555389404,28.563857555389404,0.4760642925898234,34209,0.501,0.5,24.39,False,77.0,True,8.0,0.513,0.0,0.513,0.0,0.0,0.029,0.0,-0.01,0.0,0.15837982554500035,False
2025-05-08T11:13:04.911746,28722.745180130005,28.722745180130005,0.47871241966883343,34369,0.502,0.5,24.45,False,77.0,True,8.0,0.513,0.0,0.513,0.0,0.0,0.029,0.0,-0.009,0.008,0.15970918011166743,False
2025-05-08T11:13:05.071175,28882.174730300903,28.882174730300903,0.4813695788383484,34528,0.506,0.5,24.44,False,76.99,True,8.0,0.513,0.0,0.513,0.0,0.0,0.027,0.0,-0.009,0.082,0.161053701385,False
2025-05-08T11:13:05.230699,29041.698217391968,29.041698217391968,0.4840283036231995,34687,0.507,0.5,24.41,False,76.99,True,8.0,0.513,0.0,0.513,0.0,0.0,0.025,0.0,-0.009,0.113,0.1624016774949999,False
2025-05-08T11:13:05.389570,29200.56962966919,29.20056962966919,0.4866761604944865,34847,0.499,0.5,24.45,False,76.98,True,8.0,0.513,0.0,0.513,0.0,0.0,0.025,0.0,-0.009,0.0,0.16372296379333368,False
2025-05-08T11:13:05.551637,29362.63680458069,29.36263680458069,0.4893772800763448,35006,0.502,0.5,24.44,False,76.97,True,8.0,0.513,0.0,0.513,0.0,0.0,0.025,0.0,-0.009,0.004,0.16507890427999947,False
2025-05-08T11:13:05.709231,29520.230770111084,29.520230770111084,0.49200384616851806,35165,0.503,0.5,24.4,False,76.97,True,8.0,0.513,0.0,0.513,0.0,0.0,0.024,0.0,-0.009,0.028,0.16640008827166575,False
2025-05-08T11:13:05.868782,29679.780960083008,29.679780960083008,0.49466301600138346,35325,0.502,0.5,24.42,False,76.96,True,8.0,0.513,0.0,0.513,0.0,0.0,0.024,0.0,-0.009,0.009,0.16773498826500033,False
2025-05-08T11:13:06.027573,29838.57274055481,29.83857274055481,0.4973095456759135,35484,0.497,0.5,24.51,False,76.96,True,8.0,0.513,0.0,0.513,0.0,0.0,0.022,0.0,-0.008,0.026,0.1690503128466665,False
2025-05-08T11:13:06.185849,29996.848583221436,29.996848583221436,0.4999474763870239,35643,0.498,0.5,24.42,False,76.96,True,8.0,0.513,0.0,0.513,0.0,0.0,0.022,0.0,-0.008,0.004,0.17036400447666622,False
2025-05-08T11:13:06.346049,30157.04846382141,30.15704846382141,0.5026174743970235,35803,0.502,0.5,24.48,False,76.95,True,8.0,0.513,0.0,0.513,0.0,0.0,0.021,0.0,-0.008,0.008,0.1717043361100008,False
2025-05-08T11:13:06.507249,30318.248510360718,30.318248510360718,0.5053041418393452,35962,0.499,0.5,24.43,False,76.95,True,8.0,0.513,0.0,0.513,0.0,0.0,0.021,0.0,-0.008,0.0,0.17304498610333305,False
2025-05-08T11:13:06.664194,30475.19326210022,30.47519326210022,0.5079198877016703,36121,0.49,0.5,24.35,False,76.95,True,8.0,0.513,0.0,0.513,0.0,0.0,0.006,0.0,-0.005,0.19,0.17432670523666727,False
2025-05-08T11:13:06.823773,30634.772777557373,30.634772777557373,0.5105795462926229,36281,0.522,0.5,24.44,False,76.94,True,8.0,0.513,0.0,0.513,0.0,0.0,0.028,0.0,-0.009,0.315,0.17571504949666594,False
2025-05-08T11:13:06.983097,30794.095993041992,30.794095993041992,0.5132349332173666,36440,0.448,0.5,24.28,False,76.95,True,8.0,0.513,0.0,0.513,0.0,0.0,0.044,0.0,0.012,0.413,0.17690466048333267,False
2025-05-08T11:13:07.142657,30953.656435012817,30.953656435012817,0.5158942739168803,36599,0.47,0.5,24.46,False,76.99,True,8.0,0.513,0.0,0.513,0.0,0.0,0.083,0.0,0.019,0.357,0.17815455184999995,False
2025-05-08T11:13:07.303619,31114.61877822876,31.11461877822876,0.518576979637146,36759,0.458,0.5,24.54,False,77.06,True,8.0,0.514,0.0,0.514,0.0,0.0,0.112,0.0,0.027,0.393,0.17938322921333333,False
2025-05-08T11:13:07.461019,31272.018432617188,31.272018432617188,0.5212003072102864,36918,0.457,0.5,24.44,False,77.17,True,8.0,0.514,0.0,0.514,0.0,0.0,0.127,0.0,0.033,0.396,0.18058208873833242,False
2025-05-08T11:13:07.627526,31438.525199890137,31.438525199890137,0.523975419998169,37077,0.477,0.5,24.46,False,77.26,True,8.0,0.515,0.0,0.515,0.0,0.0,0.122,0.0,0.031,0.326,0.18190580825833372,False
2025-05-08T11:13:07.779148,31590.147256851196,31.590147256851196,0.5265024542808533,37237,0.467,0.5,24.44,False,77.35,True,8.0,0.516,0.0,0.516,0.0,0.0,0.122,0.0,0.031,0.368,0.1830859444999997,False
2025-05-08T11:13:07.939559,31750.558376312256,31.750558376312256,0.5291759729385376,37396,0.464,0.5,24.49,False,77.45,True,8.0,0.516,0.0,0.516,0.0,0.0,0.126,0.0,0.033,0.379,0.18432645545999962,False
2025-05-08T11:13:08.098648,31909.647464752197,31.909647464752197,0.5318274577458699,37555,0.468,0.5,24.31,False,77.55,True,8.0,0.517,0.0,0.517,0.0,0.0,0.125,0.0,0.033,0.365,0.18556735122000081,False
2025-05-08T11:13:08.258146,32069.145679473877,32.06914567947388,0.5344857613245646,37715,0.471,0.5,24.46,False,77.64,True,8.0,0.518,0.0,0.518,0.0,0.0,0.123,0.0,0.032,0.355,0.18681941287500078,False
2025-05-08T11:13:08.417215,32228.214025497437,32.22821402549744,0.5371369004249573,37874,0.467,0.5,24.49,False,77.73,True,8.0,0.518,0.0,0.518,0.0,0.0,0.124,0.0,0.032,0.369,0.1880574968116671,False
2025-05-08T11:13:08.579714,32390.71297645569,32.39071297645569,0.5398452162742615,38033,0.466,0.5,24.26,False,77.83,True,8.0,0.519,0.0,0.519,0.0,0.0,0.125,0.0,0.033,0.373,0.18931954441833299,False
2025-05-08T11:13:08.736485,32547.483921051025,32.547483921051025,0.5424580653508504,38192,0.466,0.5,24.43,False,77.93,True,8.0,0.52,0.0,0.52,0.0,0.0,0.126,0.0,0.033,0.373,0.19053715814833339,False
2025-05-08T11:13:08.894949,32705.9485912323,32.7059485912323,0.545099143187205,38352,0.455,0.5,24.45,False,78.05,True,8.0,0.52,0.0,0.52,0.0,0.0,0.135,0.0,0.037,0.401,0.19173884727333365,False
2025-05-08T11:13:09.054351,32865.3507232666,32.8653507232666,0.5477558453877767,38511,0.458,0.5,24.46,False,78.18,True,8.0,0.521,0.0,0.521,0.0,0.0,0.138,0.0,0.039,0.393,0.19295561816333373,False
2025-05-08T11:13:09.213744,33024.7437953949,33.0247437953949,0.5504123965899149,38670,0.463,0.5,24.44,False,78.31,True,8.0,0.522,0.0,0.522,0.0,0.0,0.138,0.0,0.039,0.383,0.19418560081333303,False
2025-05-08T11:13:09.371885,33182.88445472717,33.18288445472717,0.5530480742454529,38829,0.459,0.5,24.36,False,78.44,True,8.0,0.523,0.0,0.523,0.0,0.0,0.139,0.0,0.04,0.393,0.19539538022833278,False
2025-05-08T11:13:09.531498,33342.4973487854,33.3424973487854,0.5557082891464233,38989,0.46,0.5,24.41,False,78.57,True,8.0,0.524,0.0,0.524,0.0,0.0,0.139,0.0,0.04,0.388,0.19661907836166692,False
2025-05-08T11:13:09.692152,33503.150939941406,33.503150939941406,0.5583858489990234,39148,0.459,0.5,24.44,False,78.71,True,8.0,0.525,0.0,0.525,0.0,0.0,0.14,0.0,0.04,0.392,0.1978480676916666,False
2025-05-08T11:13:09.850115,33661.11421585083,33.66111421585083,0.5610185702641804,39307,0.447,0.5,24.36,False,78.86,True,8.0,0.526,0.0,0.526,0.0,0.0,0.147,0.0,0.045,0.413,0.1990249024716672,False
2025-05-08T11:13:10.009392,33820.3911781311,33.8203911781311,0.5636731863021851,39466,0.456,0.5,24.4,False,79.02,True,8.0,0.527,0.0,0.527,0.0,0.0,0.147,0.0,0.045,0.398,0.2002354084316659,False
2025-05-08T11:13:10.168970,33979.96973991394,33.97996973991394,0.5663328289985656,39626,0.459,0.5,24.46,False,79.17,True,8.0,0.528,0.0,0.528,0.0,0.0,0.145,0.0,0.043,0.391,0.20145618395666728,False
2025-05-08T11:13:10.328151,34139.150857925415,34.139150857925415,0.5689858476320903,39785,0.46,0.5,24.4,False,79.32,True,8.0,0.529,0.0,0.529,0.0,0.0,0.143,0.0,0.042,0.389,0.20267657392333396,False
2025-05-08T11:13:10.490911,34301.91087722778,34.30191087722778,0.5716985146204631,39944,0.47,0.5,24.5,False,79.44,True,8.0,0.53,0.0,0.53,0.0,0.0,0.137,0.0,0.038,0.359,0.20395152412333276,False
2025-05-08T11:13:10.645972,34456.97116851807,34.456971168518066,0.5742828528086344,40103,0.441,0.5,24.42,False,79.6,True,8.0,0.531,0.0,0.531,0.0,0.0,0.148,0.0,0.045,0.422,0.2050912187983327,False
2025-05-08T11:13:10.805288,34616.28699302673,34.61628699302673,0.5769381165504456,40263,0.449,0.5,24.31,False,79.78,True,8.0,0.532,0.0,0.532,0.0,0.0,0.152,0.0,0.048,0.412,0.20628343278333372,False
2025-05-08T11:13:10.965295,34776.294469833374,34.776294469833374,0.5796049078305562,40422,0.455,0.5,24.47,False,79.95,True,8.0,0.533,0.0,0.533,0.0,0.0,0.151,0.0,0.047,0.401,0.20749681920000002,False
2025-05-08T11:13:11.125408,34936.4070892334,34.9364070892334,0.5822734514872233,40581,0.453,0.5,24.47,False,80.12,True,8.0,0.534,0.0,0.534,0.0,0.0,0.151,0.0,0.047,0.403,0.20870566404499963,False
2025-05-08T11:13:11.283708,35094.70748901367,35.09470748901367,0.5849117914835612,40740,0.455,0.5,24.42,False,80.28,True,8.0,0.535,0.0,0.535,0.0,0.0,0.15,0.0,0.046,0.4,0.20990611860333325,False
2025-05-08T11:13:11.442930,35253.92937660217,35.25392937660217,0.5875654896100362,40900,0.458,0.5,24.44,False,80.44,True,8.0,0.536,0.0,0.536,0.0,0.0,0.148,0.0,0.045,0.395,0.2111215086233331,False
2025-05-08T11:13:11.602441,35413.439989089966,35.413439989089966,0.5902239998181661,41059,0.459,0.5,24.47,False,80.59,True,8.0,0.537,0.0,0.537,0.0,0.0,0.145,0.0,0.043,0.392,0.21234176930333307,False
2025-05-08T11:13:11.761380,35572.37982749939,35.57237982749939,0.5928729971249899,41219,0.46,0.5,24.42,False,80.73,True,8.0,0.538,0.0,0.538,0.0,0.0,0.143,0.0,0.042,0.388,0.21356030470333312,False
2025-05-08T11:13:11.920905,35731.90450668335,35.73190450668335,0.5955317417780558,41378,0.463,0.5,24.41,False,80.87,True,8.0,0.539,0.0,0.539,0.0,0.0,0.141,0.0,0.04,0.383,0.21479130595333334,False
2025-05-08T11:13:12.079760,35890.75970649719,35.89075970649719,0.5981793284416199,41537,0.471,0.5,24.43,False,80.99,True,8.0,0.54,0.0,0.54,0.0,0.0,0.134,0.0,0.037,0.355,0.21603831848833321,False
2025-05-08T11:13:12.239930,36050.92906951904,36.05092906951904,0.6008488178253174,41697,0.467,0.5,24.44,False,81.1,True,8.0,0.541,0.0,0.541,0.0,0.0,0.131,0.0,0.035,0.368,0.2172849679833338,False
2025-05-08T11:13:12.399119,36210.118770599365,36.210118770599365,0.6035019795099894,41856,0.465,0.5,24.43,False,81.21,True,8.0,0.541,0.0,0.541,0.0,0.0,0.13,0.0,0.035,0.376,0.2185186889333332,False
2025-05-08T11:13:12.558943,36369.94218826294,36.36994218826294,0.6061657031377157,42016,0.472,0.5,24.39,False,81.31,True,8.0,0.542,0.0,0.542,0.0,0.0,0.126,0.0,0.033,0.35,0.21977596555999965,False
2025-05-08T11:13:12.718179,36529.17790412903,36.52917790412903,0.6088196317354838,42175,0.466,0.5,24.39,False,81.41,True,8.0,0.543,0.0,0.543,0.0,0.0,0.126,0.0,0.033,0.373,0.2210126953866671,False
2025-05-08T11:13:12.879158,36690.157413482666,36.690157413482666,0.6115026235580444,42334,0.469,0.5,24.51,False,81.5,True,8.0,0.543,0.0,0.543,0.0,0.0,0.125,0.0,0.033,0.364,0.2222710145700004,False
2025-05-08T11:13:13.036382,36847.381591796875,36.847381591796875,0.6141230265299479,42494,0.467,0.5,24.38,False,81.6,True,8.0,0.544,0.0,0.544,0.0,0.0,0.125,0.0,0.033,0.369,0.22349474759666701,False
2025-05-08T11:13:13.199404,37010.40291786194,37.01040291786194,0.6168400486310323,42653,0.47,0.5,24.41,False,81.69,True,8.0,0.545,0.0,0.545,0.0,0.0,0.123,0.0,0.032,0.357,0.2247717477799992,False
2025-05-08T11:13:13.355680,37166.67938232422,37.16667938232422,0.6194446563720704,42812,0.472,0.5,24.48,False,81.78,True,8.0,0.545,0.0,0.545,0.0,0.0,0.12,0.0,0.031,0.351,0.22600111819333318,False
2025-05-08T11:13:13.514932,37325.93107223511,37.32593107223511,0.6220988512039185,42971,0.471,0.5,24.41,False,81.87,True,8.0,0.546,0.0,0.546,0.0,0.0,0.119,0.0,0.03,0.353,0.2272512503183339,False
2025-05-08T11:13:13.673737,37484.73620414734,37.48473620414734,0.6247456034024557,43131,0.472,0.5,24.38,False,81.95,True,8.0,0.546,0.0,0.546,0.0,0.0,0.117,0.0,0.029,0.349,0.22850051553166684,False
2025-05-08T11:13:13.835867,37646.86679840088,37.64686679840088,0.627447779973348,43290,0.481,0.5,24.4,False,82.02,True,8.0,0.547,0.0,0.547,0.0,0.0,0.109,0.0,0.027,0.294,0.22980025850000027,False
2025-05-08T11:13:13.992216,37803.21526527405,37.80321526527405,0.6300535877545674,43450,0.478,0.5,24.35,False,82.08,True,8.0,0.547,0.0,0.547,0.0,0.0,0.104,0.0,0.025,0.318,0.23104584125666594,False
2025-05-08T11:13:14.152519,37963.518142700195,37.963518142700195,0.6327253023783366,43609,0.628,0.5,24.4,False,81.97,True,8.0,0.546,0.0,0.546,0.0,0.0,0.131,0.0,-0.035,0.462,0.23272367723000117,False
2025-05-08T11:13:14.311559,38122.55811691284,38.12255811691284,0.6353759686152141,43769,0.492,0.5,24.46,False,81.85,True,8.0,0.546,0.0,0.546,0.0,0.0,0.136,0.0,-0.038,0.144,0.23402780523000122,False
2025-05-08T11:13:14.470962,38281.96120262146,38.28196120262146,0.6380326867103576,43928,0.49,0.5,24.42,False,81.76,True,8.0,0.545,0.0,0.545,0.0,0.0,0.12,0.0,-0.031,0.18,0.2353295980299997,False
2025-05-08T11:13:14.631429,38442.42882728577,38.44242882728577,0.6407071471214294,44088,0.482,0.5,24.41,False,81.73,True,8.0,0.545,0.0,0.545,0.0,0.0,0.076,0.0,-0.018,0.288,0.23661868534000102,False
2025-05-08T11:13:14.790400,38601.399421691895,38.601399421691895,0.6433566570281982,44247,0.483,0.5,24.46,False,81.72,True,8.0,0.545,0.0,0.545,0.0,0.0,0.022,0.0,-0.008,0.278,0.2378983978650002,False
2025-05-08T11:13:14.953612,38764.61100578308,38.76461100578308,0.6460768500963847,44407,0.487,0.5,24.43,False,81.72,True,8.0,0.545,0.0,0.545,0.0,0.0,0.001,0.0,-0.003,0.231,0.23922311740833357,False
2025-05-08T11:13:15.109995,38920.99475860596,38.92099475860596,0.648683245976766,44566,0.484,0.5,24.44,False,81.72,True,8.0,0.545,0.0,0.545,0.0,0.0,0.001,0.0,0.002,0.265,0.24048461823500006,False
2025-05-08T11:13:15.269445,39080.44409751892,39.08044409751892,0.6513407349586486,44725,0.484,0.5,24.53,False,81.72,True,8.0,0.545,0.0,0.545,0.0,0.0,0.007,0.0,0.006,0.269,0.241770850655001,False
2025-05-08T11:13:15.428309,39239.30835723877,39.23930835723877,0.6539884726206462,44884,0.486,0.5,24.38,False,81.73,True,8.0,0.545,0.0,0.545,0.0,0.0,0.018,0.0,0.008,0.242,0.2430576506750004,False
2025-05-08T11:13:15.586664,39397.663593292236,39.397663593292236,0.6566277265548706,45044,0.487,0.5,24.4,False,81.73,True,8.0,0.545,0.0,0.545,0.0,0.0,0.025,0.0,0.009,0.226,0.24434297110666628,False
2025-05-08T11:13:15.745335,39556.334257125854,39.556334257125854,0.6592722376187642,45203,0.485,0.5,24.38,False,81.74,True,8.0,0.545,0.0,0.545,0.0,0.0,0.034,0.0,0.01,0.257,0.24562555926500065,False
2025-05-08T11:13:15.905423,39716.42255783081,39.71642255783081,0.6619403759638468,45362,0.482,0.5,24.32,False,81.75,True,8.0,0.545,0.0,0.545,0.0,0.0,0.047,0.0,0.012,0.287,0.24691160033500018,False
2025-05-08T11:13:16.065871,39876.87015533447,39.87687015533447,0.6646145025889079,45522,0.487,0.5,24.31,False,81.77,True,8.0,0.545,0.0,0.545,0.0,0.0,0.048,0.0,0.013,0.226,0.2482139016449996,False
2025-05-08T11:13:16.223517,40034.51681137085,40.03451681137085,0.6672419468561809,45681,0.495,0.5,24.47,False,81.78,True,8.0,0.545,0.0,0.545,0.0,0.0,0.046,0.0,0.012,0.068,0.24951448362000062,False
2025-05-08T11:13:16.382603,40193.602085113525,40.193602085113525,0.6698933680852254,45840,0.506,0.5,24.43,False,81.79,True,8.0,0.545,0.0,0.545,0.0,0.0,0.037,0.0,0.011,0.088,0.25085610551333415,False
2025-05-08T11:13:16.542403,40353.40237617493,40.35340237617493,0.6725567062695821,46000,0.508,0.5,24.34,False,81.8,True,8.0,0.545,0.0,0.545,0.0,0.0,0.022,0.0,0.008,0.142,0.25220908392666685,False
2025-05-08T11:13:16.702279,40513.2782459259,40.5132782459259,0.675221304098765,46159,0.512,0.5,24.42,False,81.8,True,8.0,0.545,0.0,0.545,0.0,0.0,0.004,0.0,0.004,0.213,0.25357335486000016,False
2025-05-08T11:13:16.861303,40672.30200767517,40.67230200767517,0.6778717001279195,46318,0.511,0.5,24.34,False,81.8,True,8.0,0.545,0.0,0.545,0.0,0.0,0.001,0.0,0.001,0.197,0.25492770329833303,False
2025-05-08T11:13:17.020129,40831.12835884094,40.83112835884094,0.6805188059806824,46478,0.507,0.5,24.38,False,81.8,True,8.0,0.545,0.0,0.545,0.0,0.0,0.001,0.0,0.0,0.127,0.25626978806833395,False
2025-05-08T11:13:17.179461,40990.46039581299,40.99046039581299,0.6831743399302165,46637,0.509,0.5,24.32,False,81.8,True,8.0,0.545,0.0,0.545,0.0,0.0,0.001,0.0,-0.001,0.165,0.25762145877666637,False
2025-05-08T11:13:17.340301,41151.30019187927,41.15130019187927,0.6858550031979879,46796,0.512,0.5,24.5,False,81.8,True,8.0,0.545,0.0,0.545,0.0,0.0,0.002,0.0,-0.004,0.223,0.2589939524299995,False
2025-05-08T11:13:17.500125,41311.12456321716,41.31112456321716,0.688518742720286,46956,0.511,0.5,24.4,False,81.79,True,8.0,0.545,0.0,0.545,0.0,0.0,0.006,0.0,-0.005,0.206,0.26035511164666775,False
2025-05-08T11:13:17.657823,41468.82247924805,41.46882247924805,0.6911470413208007,47115,0.517,0.5,24.35,False,81.79,True,8.0,0.545,0.0,0.545,0.0,0.0,0.021,0.0,-0.008,0.276,0.2617139591183335,False
2025-05-08T11:13:17.817255,41628.254413604736,41.628254413604736,0.6938042402267456,47274,0.514,0.5,24.31,False,81.78,True,8.0,0.545,0.0,0.545,0.0,0.0,0.029,0.0,-0.01,0.24,0.26307974449833427,False
2025-05-08T11:13:17.979245,41790.24434089661,41.790244340896606,0.6965040723482768,47434,0.505,0.5,24.34,False,81.78,True,8.0,0.545,0.0,0.545,0.0,0.0,0.029,0.0,-0.01,0.074,0.26444315107333316,False
2025-05-08T11:13:18.138669,41949.66793060303,41.94966793060303,0.6991611321767172,47593,0.499,0.5,24.31,False,81.77,True,8.0,0.545,0.0,0.545,0.0,0.0,0.029,0.0,-0.009,0.0,0.2657690456366673,False
2025-05-08T11:13:18.295197,42106.19640350342,42.10619640350342,0.7017699400583903,47752,0.506,0.5,24.34,False,81.77,True,8.0,0.545,0.0,0.545,0.0,0.0,0.027,0.0,-0.009,0.1,0.2670890959066671,False
2025-05-08T11:13:18.454318,42265.31744003296,42.26531744003296,0.7044219573338827,47911,0.506,0.5,24.34,False,81.76,True,8.0,0.545,0.0,0.545,0.0,0.0,0.025,0.0,-0.009,0.082,0.26843097670333416,False
2025-05-08T11:13:18.613502,42424.501180648804,42.424501180648804,0.7070750196774801,48071,0.501,0.5,24.42,False,81.75,True,8.0,0.545,0.0,0.545,0.0,0.0,0.025,0.0,-0.009,0.0,0.269760207358334,False
2025-05-08T11:13:18.773364,42584.36369895935,42.58436369895935,0.7097393949826558,48230,0.497,0.5,24.32,False,81.75,True,8.0,0.545,0.0,0.545,0.0,0.0,0.024,0.0,-0.009,0.013,0.2710844025616673,False
2025-05-08T11:13:18.932393,42743.39246749878,42.74339246749878,0.712389874458313,48390,0.495,0.5,24.38,False,81.75,True,8.0,0.545,0.0,0.545,0.0,0.0,0.019,0.0,-0.008,0.074,0.27239638933666654,False
2025-05-08T11:13:19.091796,42902.79579162598,42.90279579162598,0.7150465965270996,48549,0.494,0.5,24.43,False,81.74,True,8.0,0.545,0.0,0.545,0.0,0.0,0.012,0.0,-0.007,0.091,0.2737088090166669,False
2025-05-08T11:13:19.251051,43062.05081939697,43.06205081939697,0.7177008469899495,48709,0.489,0.5,24.35,False,81.74,True,8.0,0.545,0.0,0.545,0.0,0.0,0.002,0.0,-0.004,0.194,0.27500673808166776,False
2025-05-08T11:13:19.411187,43222.18608856201,43.22218608856201,0.7203697681427002,48868,0.491,0.5,24.4,False,81.74,True,8.0,0.545,0.0,0.545,0.0,0.0,0.001,0.0,-0.001,0.167,0.27631717862,False
2025-05-08T11:13:19.572711,43383.70990753174,43.38370990753174,0.7230618317921956,49027,0.495,0.5,24.36,False,81.74,True,8.0,0.545,0.0,0.545,0.0,0.0,0.001,0.0,-0.001,0.071,0.27764974584499996,False
2025-05-08T11:13:19.729748,43540.74764251709,43.54074764251709,0.7256791273752848,49187,0.5,0.5,24.33,False,81.74,True,8.0,0.545,0.0,0.545,0.0,0.0,0.001,0.0,-0.001,0.0,0.2789583983450005,False
2025-05-08T11:13:19.889303,43700.302600860596,43.700302600860596,0.72833837668101,49346,0.503,0.5,24.45,False,81.74,True,8.0,0.545,0.0,0.545,0.0,0.0,0.001,0.0,-0.001,0.011,0.28029600109500014,False
2025-05-08T11:13:20.048521,43859.52019691467,43.85952019691467,0.7309920032819112,49505,0.5,0.5,24.41,False,81.74,True,8.0,0.545,0.0,0.545,0.0,0.0,0.001,0.0,-0.001,0.0,0.28162280859500055,False
2025-05-08T11:13:20.207812,44018.810987472534,44.018810987472534,0.7336468497912089,49665,0.514,0.5,24.3,False,81.74,True,8.0,0.545,0.0,0.545,0.0,0.0,0.002,0.0,-0.004,0.248,0.2829874040650001,False
2025-05-08T11:13:20.366921,44177.92010307312,44.17792010307312,0.736298668384552,49824,0.516,0.5,24.41,False,81.74,True,8.0,0.545,0.0,0.545,0.0,0.0,0.012,0.0,-0.007,0.264,0.28435574404499975,False
2025-05-08T11:13:20.527574,44338.573694229126,44.338573694229126,0.7389762282371521,49983,0.513,0.5,24.27,False,81.74,True,8.0,0.545,0.0,0.545,0.0,0.0,0.02,0.0,-0.008,0.226,0.2857293169350006,False
2025-05-08T11:13:20.686300,44497.29919433594,44.49729919433594,0.7416216532389323,50142,0.51,0.5,24.43,False,81.73,True,8.0,0.545,0.0,0.545,0.0,0.0,0.023,0.0,-0.009,0.188,0.2870784700850009,False
2025-05-08T11:13:20.844422,44655.4217338562,44.6554217338562,0.7442570288976034,50302,0.512,0.5,24.35,False,81.73,True,8.0,0.545,0.0,0.545,0.0,0.0,0.028,0.0,-0.009,0.222,0.28842777696500066,False
2025-05-08T11:13:21.003845,44814.844846725464,44.814844846725464,0.7469140807787578,50461,0.517,0.5,24.27,False,81.72,True,8.0,0.545,0.0,0.545,0.0,0.0,0.04,0.0,-0.011,0.277,0.2898015045583331,False
2025-05-08T11:13:21.162614,44973.61373901367,44.97361373901367,0.7495602289835612,50620,0.514,0.5,24.39,False,81.7,True,8.0,0.545,0.0,0.545,0.0,0.0,0.045,0.0,-0.012,0.248,0.29116162394499945,False
2025-05-08T11:13:21.322641,45133.6407661438,45.1336407661438,0.7522273461023966,50779,0.512,0.5,24.4,False,81.69,True,8.0,0.545,0.0,0.545,0.0,0.0,0.045,0.0,-0.012,0.218,0.29252719023833396,False
2025-05-08T11:13:21.482460,45293.45941543579,45.29345941543579,0.7548909902572631,50939,0.512,0.5,24.4,False,81.68,True,8.0,0.545,0.0,0.545,0.0,0.0,0.045,0.0,-0.012,0.212,0.2938909670916673,False
2025-05-08T11:13:21.641027,45452.02612876892,45.45202612876892,0.7575337688128153,51098,0.516,0.5,24.37,False,81.66,True,8.0,0.544,0.0,0.544,0.0,0.0,0.05,0.0,-0.013,0.269,0.29525464501166626,False
2025-05-08T11:13:21.800188,45611.18745803833,45.61118745803833,0.7601864576339722,51257,0.516,0.5,24.4,False,81.64,True,8.0,0.544,0.0,0.544,0.0,0.0,0.054,0.0,-0.014,0.265,0.2966234382116676,False
2025-05-08T11:13:21.959486,45770.485162734985,45.770485162734985,0.7628414193789165,51416,0.511,0.5,24.29,False,81.63,True,8.0,0.544,0.0,0.544,0.0,0.0,0.052,0.0,-0.013,0.208,0.29798012021666703,False
2025-05-08T11:13:22.118179,45929.17847633362,45.92917847633362,0.7654863079388936,51576,0.514,0.5,24.42,False,81.61,True,8.0,0.544,0.0,0.544,0.0,0.0,0.053,0.0,-0.014,0.246,0.29933959539000127,False
2025-05-08T11:13:22.277265,46088.26446533203,46.08826446533203,0.7681377410888672,51735,0.516,0.5,24.4,False,81.59,True,8.0,0.544,0.0,0.544,0.0,0.0,0.056,0.0,-0.014,0.264,0.3007077341299996,False
2025-05-08T11:13:22.437065,46248.064279556274,46.248064279556274,0.7708010713259379,51895,0.511,0.5,24.42,False,81.57,True,8.0,0.544,0.0,0.544,0.0,0.0,0.053,0.0,-0.014,0.199,0.3020686974633341,False
2025-05-08T11:13:22.596217,46407.21654891968,46.40721654891968,0.7734536091486613,52054,0.512,0.5,24.4,False,81.56,True,8.0,0.544,0.0,0.544,0.0,0.0,0.052,0.0,-0.013,0.223,0.30342679794333444,False
2025-05-08T11:13:22.756376,46567.37494468689,46.56737494468689,0.7761229157447815,52213,0.515,0.5,24.4,False,81.54,True,8.0,0.544,0.0,0.544,0.0,0.0,0.054,0.0,-0.014,0.262,0.3048014883016677,False
2025-05-08T11:13:22.916380,46727.379322052,46.727379322052,0.7787896553675334,52373,0.512,0.5,24.3,False,81.52,True,8.0,0.543,0.0,0.543,0.0,0.0,0.053,0.0,-0.013,0.213,0.3061668515016669,False
2025-05-08T11:13:23.074350,46885.34903526306,46.88534903526306,0.7814224839210511,52532,0.512,0.5,24.34,False,81.51,True,8.0,0.543,0.0,0.543,0.0,0.0,0.051,0.0,-0.013,0.225,0.30751486643499953,False
2025-05-08T11:13:23.234802,47045.801639556885,47.045801639556885,0.7840966939926147,52691,0.515,0.5,24.38,False,81.49,True,8.0,0.543,0.0,0.543,0.0,0.0,0.053,0.0,-0.013,0.253,0.30889207170999994,False
2025-05-08T11:13:23.393454,47204.453468322754,47.204453468322754,0.7867408911387126,52851,0.518,0.5,24.4,False,81.47,True,8.0,0.543,0.0,0.543,0.0,0.0,0.059,0.0,-0.015,0.284,0.31026178026000106,False
2025-05-08T11:13:23.552286,47363.285064697266,47.363285064697266,0.7893880844116211,53010,0.519,0.5,24.29,False,81.44,True,8.0,0.543,0.0,0.543,0.0,0.0,0.065,0.0,-0.016,0.292,0.31163567360000094,False
2025-05-08T11:13:23.711587,47522.58610725403,47.52258610725403,0.7920431017875671,53169,0.515,0.5,24.36,False,81.42,True,8.0,0.543,0.0,0.543,0.0,0.0,0.065,0.0,-0.016,0.254,0.31300301061666763,False
2025-05-08T11:13:23.871661,47682.660818099976,47.682660818099976,0.7947110136349996,53329,0.52,0.5,24.28,False,81.39,True,8.0,0.543,0.0,0.543,0.0,0.0,0.07,0.0,-0.017,0.302,0.3143903203500014,False
2025-05-08T11:13:24.030570,47841.56918525696,47.84156918525696,0.7973594864209493,53488,0.519,0.5,24.41,False,81.36,True,8.0,0.542,0.0,0.542,0.0,0.0,0.074,0.0,-0.017,0.299,0.3157648780100012,False
2025-05-08T11:13:24.190693,48001.69277191162,48.00169277191162,0.8000282128651937,53648,0.513,0.5,24.37,False,81.33,True,8.0,0.542,0.0,0.542,0.0,0.0,0.07,0.0,-0.017,0.232,0.3171339373550005,False
2025-05-08T11:13:24.350430,48161.42964363098,48.16142964363098,0.8026904940605164,53807,0.518,0.5,24.42,False,81.3,True,8.0,0.542,0.0,0.542,0.0,0.0,0.071,0.0,-0.017,0.285,0.3185129958050006,False
2025-05-08T11:13:24.509460,48320.459604263306,48.320459604263306,0.8053409934043885,53967,0.518,0.5,24.25,False,81.28,True,8.0,0.542,0.0,0.542,0.0,0.0,0.073,0.0,-0.017,0.288,0.3198859556683329,False
2025-05-08T11:13:24.670940,48481.93979263306,48.48193979263306,0.8080323298772176,54126,0.513,0.5,24.33,False,81.25,True,8.0,0.542,0.0,0.542,0.0,0.0,0.068,0.0,-0.016,0.226,0.3212666122333348,False
2025-05-08T11:13:24.828114,48639.113664627075,48.639113664627075,0.8106518944104513,54286,0.514,0.5,24.46,False,81.22,True,8.0,0.541,0.0,0.541,0.0,0.0,0.066,0.0,-0.016,0.248,0.32261306693000086,False
2025-05-08T11:13:24.988367,48799.36623573303,48.79936623573303,0.8133227705955506,54445,0.517,0.5,24.35,False,81.2,True,8.0,0.541,0.0,0.541,0.0,0.0,0.067,0.0,-0.016,0.28,0.32399390930500144,False
2025-05-08T11:13:25.146547,48957.54623413086,48.95754623413086,0.815959103902181,54604,0.515,0.5,24.44,False,81.17,True,8.0,0.541,0.0,0.541,0.0,0.0,0.066,0.0,-0.016,0.257,0.32535162526333344,False
2025-05-08T11:13:25.307743,49118.74222755432,49.11874222755432,0.8186457037925721,54763,0.511,0.5,24.26,False,81.15,True,8.0,0.541,0.0,0.541,0.0,0.0,0.062,0.0,-0.015,0.205,0.3267244659400005,False
2025-05-08T11:13:25.467782,49278.780937194824,49.278780937194824,0.8213130156199138,54923,0.509,0.5,24.27,False,81.13,True,8.0,0.541,0.0,0.541,0.0,0.0,0.056,0.0,-0.014,0.156,0.3280821190950003,False
2025-05-08T11:13:25.624584,49435.58382987976,49.43558382987976,0.8239263971646626,55082,0.514,0.5,24.34,False,81.11,True,8.0,0.541,0.0,0.541,0.0,0.0,0.056,0.0,-0.014,0.246,0.3294254144050003,False
2025-05-08T11:13:25.783220,49594.21920776367,49.59421920776367,0.8265703201293946,55241,0.514,0.5,24.32,False,81.09,True,8.0,0.541,0.0,0.541,0.0,0.0,0.056,0.0,-0.014,0.245,0.3307843909983344,False
2025-05-08T11:13:25.942319,49753.318309783936,49.753318309783936,0.8292219718297322,55400,0.508,0.5,24.35,False,81.08,True,8.0,0.541,0.0,0.541,0.0,0.0,0.052,0.0,-0.013,0.139,0.33213142919833416,False
2025-05-08T11:13:26.101555,49912.55450248718,49.91255450248718,0.8318759083747864,55560,0.51,0.5,24.32,False,81.06,True,8.0,0.54,0.0,0.54,0.0,0.0,0.048,0.0,-0.013,0.186,0.3334849411483347,False
2025-05-08T11:13:26.261388,50072.38721847534,50.07238721847534,0.8345397869745891,55719,0.512,0.5,24.36,False,81.05,True,8.0,0.54,0.0,0.54,0.0,0.0,0.047,0.0,-0.012,0.217,0.3348488425883346,False
2025-05-08T11:13:26.420766,50231.76550865173,50.23176550865173,0.8371960918108622,55878,0.512,0.5,24.33,False,81.03,True,8.0,0.54,0.0,0.54,0.0,0.0,0.047,0.0,-0.012,0.222,0.33620887160166724,False
2025-05-08T11:13:26.580317,50391.316175460815,50.391316175460815,0.8398552695910136,56038,0.528,0.5,24.32,False,81.01,True,8.0,0.54,0.0,0.54,0.0,0.0,0.072,0.0,-0.017,0.349,0.33761291424166806,False
2025-05-08T11:13:26.739260,50550.259828567505,50.550259828567505,0.842504330476125,56197,0.53,0.5,24.37,False,80.96,True,8.0,0.54,0.0,0.54,0.0,0.0,0.09,0.0,-0.021,0.357,0.33901692222499963,False
2025-05-08T11:13:26.899596,50710.59584617615,50.71059584617615,0.8451765974362692,56357,0.528,0.5,24.44,False,80.9,True,8.0,0.539,0.0,0.539,0.0,0.0,0.099,0.0,-0.024,0.348,0.3404278772650015,False
